{"low_water_level_alert": 1.0, "tank_refilled": 0.0, "dry_alert_2": 90000.0, "water_level": 400.0, "pump_1_last_watering": 1561845861.5717423, "pump_2_last_watering": 1558971723.871548, "pump_2_water_amount": 1200.0, "tank_capacity": 30000.0, "last_rain": 0.0, "dry_alert_1": 300000.0, "pump_2_interval": 120.0, "pump_1_interval": 120.0, "last_loop_time": 1561846251.1459002, "pump_1_water_amount": 1000.0, "water_reserve_state": 0.0}